product_id,product_name,category,subcategory,brand,cost_price,list_price
P0001,Nexa_Phones_1,Electronics,Phones,UrbanX,84.02,124.67
P0002,Atlas_Phones_2,Electronics,Phones,Aura,1230.99,2472.26
P0003,Nova_Phones_3,Electronics,Phones,Nexa,92.44,132.73
P0004,Nova_Wearables_4,Electronics,Wearables,UrbanX,427.98,749.34
P0005,Pulse_Wearables_5,Electronics,Wearables,Atlas,638.84,882.98
P0006,Pulse_Phones_6,Electronics,Phones,Zenith,708.67,1102.08
P0007,Aura_Phones_7,Electronics,Phones,Atlas,1324.33,2259.03
P0008,Pulse_Audio_8,Electronics,Audio,Nexa,1499.75,2663.17
P0009,Zenith_Phones_9,Electronics,Phones,Atlas,120.65,174.18
P0010,Vertex_Laptops_10,Electronics,Laptops,Pulse,1565.01,2461.93
P0011,Zenith_Laptops_11,Electronics,Laptops,Atlas,691.52,987.55
P0012,Vertex_Laptops_12,Electronics,Laptops,Aura,980.09,1429.06
P0013,Nexa_Audio_13,Electronics,Audio,Pulse,1781.56,3196.12
P0014,Pulse_Phones_14,Electronics,Phones,Aura,443.12,565.99
P0015,Pulse_Audio_15,Electronics,Audio,Nexa,156.49,317.07
P0016,Vertex_Wearables_16,Electronics,Wearables,UrbanX,736.31,1492.77
P0017,Zenith_Audio_17,Electronics,Audio,Aura,285.75,538.14
P0018,UrbanX_Wearables_18,Electronics,Wearables,Vertex,677.11,1420.39
P0019,UrbanX_Phones_19,Electronics,Phones,UrbanX,1370.18,2715.61
P0020,Vertex_Wearables_20,Electronics,Wearables,Zenith,1089.68,1718.48
P0021,Zenith_Men_21,Fashion,Men,Pulse,1237.3,1667.1
P0022,Nova_Men_22,Fashion,Men,Zenith,556.56,770.52
P0023,Zenith_Women_23,Fashion,Women,Nexa,933.52,1251.34
P0024,Nova_Women_24,Fashion,Women,Pulse,698.09,968.47
P0025,Zenith_Bags_25,Fashion,Bags,Nexa,74.28,151.51
P0026,Atlas_Men_26,Fashion,Men,Atlas,463.93,803.64
P0027,UrbanX_Bags_27,Fashion,Bags,UrbanX,1476.2,3072.4
P0028,Aura_Bags_28,Fashion,Bags,Nexa,1706.45,2372.58
P0029,Pulse_Women_29,Fashion,Women,Vertex,1294.79,2057.61
P0030,Pulse_Bags_30,Fashion,Bags,Nova,252.97,364.53
P0031,Nova_Women_31,Fashion,Women,Nexa,1075.65,1351.14
P0032,Atlas_Men_32,Fashion,Men,Nexa,1633.54,3235.54
P0033,UrbanX_Shoes_33,Fashion,Shoes,Vertex,1217.4,1743.44
P0034,Nexa_Women_34,Fashion,Women,Atlas,1420.93,2751.45
P0035,Aura_Men_35,Fashion,Men,Vertex,1199.81,1861.09
P0036,Atlas_Men_36,Fashion,Men,Nova,1225.12,2556.26
P0037,Atlas_Bags_37,Fashion,Bags,Nexa,1321.66,2551.47
P0038,Aura_Women_38,Fashion,Women,UrbanX,374.77,611.37
P0039,Atlas_Shoes_39,Fashion,Shoes,Vertex,854.23,1702.75
P0040,Nova_Men_40,Fashion,Men,Atlas,129.04,270.91
P0041,Nexa_Furniture_41,Home,Furniture,Aura,332.71,553.23
P0042,Aura_Kitchen_42,Home,Kitchen,Zenith,329.76,412.8
P0043,Vertex_Lighting_43,Home,Lighting,UrbanX,542.04,998.49
P0044,Nova_Furniture_44,Home,Furniture,Pulse,562.21,1165.69
P0045,UrbanX_Kitchen_45,Home,Kitchen,Nova,128.25,212.29
P0046,Atlas_Kitchen_46,Home,Kitchen,Nexa,1538.36,2012.55
P0047,Nexa_Lighting_47,Home,Lighting,Nova,251.0,503.69
P0048,Pulse_Kitchen_48,Home,Kitchen,Zenith,777.84,1358.2
P0049,Zenith_Furniture_49,Home,Furniture,Aura,1218.72,1848.87
P0050,Pulse_Furniture_50,Home,Furniture,Atlas,1222.17,1839.36
P0051,Atlas_Kitchen_51,Home,Kitchen,Atlas,846.58,1776.71
P0052,Pulse_Furniture_52,Home,Furniture,Atlas,930.36,1267.7
P0053,Zenith_Furniture_53,Home,Furniture,Nova,690.37,955.53
P0054,UrbanX_Decor_54,Home,Decor,Zenith,1679.89,2247.77
P0055,UrbanX_Kitchen_55,Home,Kitchen,Zenith,1605.89,3020.77
P0056,Nexa_Decor_56,Home,Decor,Zenith,1104.5,2054.34
P0057,Nova_Lighting_57,Home,Lighting,Atlas,481.97,974.51
P0058,Pulse_Lighting_58,Home,Lighting,UrbanX,1499.65,1930.76
P0059,Aura_Decor_59,Home,Decor,Nova,324.38,527.3
P0060,UrbanX_Kitchen_60,Home,Kitchen,Nova,172.43,344.97
P0061,UrbanX_Makeup_61,Beauty,Makeup,Nova,1065.22,1465.61
P0062,Nova_Makeup_62,Beauty,Makeup,Pulse,681.79,1392.98
P0063,Pulse_Haircare_63,Beauty,Haircare,Aura,1240.44,2253.75
P0064,UrbanX_Haircare_64,Beauty,Haircare,UrbanX,1669.34,2422.59
P0065,Pulse_Fragrance_65,Beauty,Fragrance,Aura,83.62,156.88
P0066,Atlas_Haircare_66,Beauty,Haircare,Aura,509.58,978.02
P0067,Vertex_Skincare_67,Beauty,Skincare,Pulse,1551.12,2232.17
P0068,Nexa_Makeup_68,Beauty,Makeup,Nova,1484.14,2954.37
P0069,Atlas_Haircare_69,Beauty,Haircare,Zenith,741.3,1102.17
P0070,Pulse_Makeup_70,Beauty,Makeup,Nova,1169.01,1858.41
P0071,Zenith_Skincare_71,Beauty,Skincare,Nova,1583.59,2331.1
P0072,Pulse_Skincare_72,Beauty,Skincare,Aura,1089.97,1682.73
P0073,Zenith_Skincare_73,Beauty,Skincare,Nova,717.94,1249.29
P0074,Nexa_Fragrance_74,Beauty,Fragrance,Pulse,42.98,87.54
P0075,Pulse_Fragrance_75,Beauty,Fragrance,Pulse,163.15,296.05
P0076,Zenith_Skincare_76,Beauty,Skincare,Aura,1306.77,1967.05
P0077,UrbanX_Makeup_77,Beauty,Makeup,Nexa,748.22,1123.31
P0078,UrbanX_Fragrance_78,Beauty,Fragrance,Zenith,1210.28,1902.89
P0079,Zenith_Fragrance_79,Beauty,Fragrance,Nexa,1004.37,1255.81
P0080,Pulse_Fragrance_80,Beauty,Fragrance,Vertex,1422.94,2512.43
P0081,Vertex_Outdoor_81,Sports,Outdoor,UrbanX,818.2,1171.37
P0082,Pulse_Fitness_82,Sports,Fitness,Atlas,539.46,978.73
P0083,Nexa_Running_83,Sports,Running,UrbanX,1224.12,1763.89
P0084,Atlas_Fitness_84,Sports,Fitness,Vertex,121.34,253.16
P0085,Aura_Outdoor_85,Sports,Outdoor,Vertex,1599.6,2782.22
P0086,Nova_Outdoor_86,Sports,Outdoor,Atlas,469.41,848.53
P0087,Vertex_Outdoor_87,Sports,Outdoor,Nova,425.16,822.04
P0088,UrbanX_Running_88,Sports,Running,Vertex,1654.75,2239.13
P0089,Aura_Football_89,Sports,Football,Vertex,1712.07,3437.34
P0090,Zenith_Running_90,Sports,Running,Nexa,1348.83,2230.25
P0091,Nexa_Football_91,Sports,Football,Zenith,1387.83,2349.74
P0092,Zenith_Outdoor_92,Sports,Outdoor,Pulse,176.37,263.3
P0093,UrbanX_Football_93,Sports,Football,Nexa,1611.73,2125.05
P0094,Atlas_Outdoor_94,Sports,Outdoor,Aura,1261.35,2334.07
P0095,Nova_Outdoor_95,Sports,Outdoor,Nexa,622.35,1024.41
P0096,Nova_Outdoor_96,Sports,Outdoor,Aura,725.48,1381.55
P0097,Aura_Outdoor_97,Sports,Outdoor,Aura,50.38,78.04
P0098,Vertex_Running_98,Sports,Running,Nova,899.28,1332.73
P0099,Aura_Outdoor_99,Sports,Outdoor,UrbanX,631.59,1154.09
P0100,Nova_Outdoor_100,Sports,Outdoor,Aura,1658.39,3455.44
P0101,Vertex_Chargers_101,Accessories,Chargers,UrbanX,187.75,303.09
P0102,Vertex_Chargers_102,Accessories,Chargers,Pulse,497.88,760.88
P0103,Aura_Keyboards_103,Accessories,Keyboards,Zenith,1379.76,2169.34
P0104,Nova_Chargers_104,Accessories,Chargers,Pulse,867.74,1637.14
P0105,Nova_Cases_105,Accessories,Cases,Nova,1184.25,2266.71
P0106,UrbanX_Cases_106,Accessories,Cases,Nexa,390.87,495.36
P0107,Nexa_Cases_107,Accessories,Cases,Vertex,873.47,1176.77
P0108,Atlas_Keyboards_108,Accessories,Keyboards,UrbanX,1389.74,1935.38
P0109,Zenith_Keyboards_109,Accessories,Keyboards,Aura,230.25,292.84
P0110,Nexa_Mice_110,Accessories,Mice,Atlas,1696.99,2407.32
P0111,Atlas_Keyboards_111,Accessories,Keyboards,Nova,1536.52,2704.81
P0112,Atlas_Keyboards_112,Accessories,Keyboards,Pulse,977.63,1771.75
P0113,Atlas_Chargers_113,Accessories,Chargers,Aura,1535.25,2992.17
P0114,UrbanX_Keyboards_114,Accessories,Keyboards,Aura,1158.63,2264.43
P0115,Zenith_Cases_115,Accessories,Cases,Vertex,1331.48,2757.03
P0116,Zenith_Mice_116,Accessories,Mice,Pulse,806.61,1509.47
P0117,Vertex_Cases_117,Accessories,Cases,Nexa,1502.09,1988.26
P0118,Pulse_Mice_118,Accessories,Mice,Nova,1042.94,1896.02
P0119,Nexa_Mice_119,Accessories,Mice,Pulse,1537.68,2159.77
P0120,Zenith_Keyboards_120,Accessories,Keyboards,Nova,639.0,1276.9
