month,total_orders,total_revenue,total_profit,revenue_growth_pct,orders_growth_pct,delivered_orders,AOV
2025-01,2474,5458222.852,1763080.5395,,,1469,3715.6043921034716
2025-02,2134,4658293.8335,1442755.412,-14.655484764732362,-13.742926434923197,1293,3602.7021140757925
2025-03,2530,5452928.7815,1749431.545,17.058497733341827,18.556701030927837,1512,3606.4343792989416
2025-04,2337,5063463.9645,1607882.4365,-7.142305219927437,-7.628458498023716,1434,3531.0069487447695
2025-05,2508,5283719.8845,1688084.0835,4.34990594470932,7.317073170731714,1479,3572.4948509127785
2025-06,2416,5178267.123,1660644.523,-1.995805300151321,-3.6682615629984094,1467,3529.8344396728016
2025-07,2525,5321399.3115,1697003.678,2.7640943408318686,4.511589403973515,1531,3475.7670225342913
2025-08,2534,5643780.1645,1845737.4445,6.058196991594067,0.35643564356435675,1539,3667.1735961663417
2025-09,2364,5028393.861,1603936.369,-10.90379649035319,-6.708760852407258,1337,3760.952775617053
2025-10,2430,5496071.6075,1784599.1715,9.300738156716172,2.7918781725888353,1477,3721.1046767095463
2025-11,2318,4792230.3209999995,1375230.6805,-12.806261212818459,-4.609053497942384,1419,3377.1883868921773
2025-12,2706,6266775.8145,1961199.067,30.76950385790944,16.738567730802423,1739,3603.6663683151237
